{
   "Title":"Workaholics",
   "DateEpisode12":"10-04-2014",
   "HeureDebutEpisode12":"03h00",
   "HeureFinEpisode12":"03h30",
   "TitleEpisode12":"Workaholics 4x12 'DeputyDong'",
   "URLEpisode12":"http://trakt.tv/show/workaholics/season/4/episode/12",
   "SummaryEpisode12":"The guys confront an online gamer who's been terrorizing them.",
   "Year":"2011–",
   "Rated":"TV-14",
   "Released":"06 Apr 2011",
   "Runtime":"30 min",
   "Genre":"Comedy",
   "Director":"N/A",
   "Writer":"Blake Anderson, Adam DeVine, Anders Holm, Kyle Newacheck, Connor Pritchard, Dominic Russo",
   "Actors":"Blake Anderson, Adam DeVine, Anders Holm, Maribeth Monroe",
   "Plot":"A single-camera comedy featuring three friends who work together as telemarketers from 9 to 5 and live together from 5 to 9.",
   "Language":"English",
   "Country":"USA",
   "Awards":"Nominated for 1 Primetime Emmy. Another 1 nomination.",
   "Poster":"http://ia.media-imdb.com/images/M/MV5BMTU3MDE2Mjg0NF5BMl5BanBnXkFtZTgwMzYyMzc1MDE@._V1_SX300.jpg",
   "Metascore":"N/A",
   "imdbRating":"8.3",
   "imdbVotes":"25,547",
   "imdbID":"tt1610527",
   "Type":"series",
   "Response":"True"
}

